ubs_referencia,localizacao_ubs,link_map_ubs,micro_area,endereco_completo,latitude,longitude,metodo,nota
Muciano Guajara,"Av. Principal, 355 - Guajará, Nossa Sra. do Socorro - SE, 49160-000",https://maps.app.goo.gl/skDfKoLb2iqzoAuMA,32,"Rua 2 de Fevereiro, Guajará, Nossa Senhora do Socorro - SE",-10.8936322,-37.1566223,google_api,encontrado_GEOMETRIC_CENTER
Muciano Guajara,"Av. Principal, 355 - Guajará, Nossa Sra. do Socorro - SE, 49160-000",https://maps.app.goo.gl/skDfKoLb2iqzoAuMA,32,"Rua 3 de Fevereiro, Guajará, Nossa Senhora do Socorro - SE",-10.8928082,-37.1583871,google_api,encontrado_GEOMETRIC_CENTER
Muciano Guajara,"Av. Principal, 355 - Guajará, Nossa Sra. do Socorro - SE, 49160-000",https://maps.app.goo.gl/skDfKoLb2iqzoAuMA,32,"Rua 12 de Fevereiro, Guajará, Nossa Senhora do Socorro - SE",-10.8879406,-37.1566218,google_api,encontrado_GEOMETRIC_CENTER
Muciano Guajara,"Av. Principal, 355 - Guajará, Nossa Sra. do Socorro - SE, 49160-000",https://maps.app.goo.gl/skDfKoLb2iqzoAuMA,32,"Rua 11 de Fevereiro, Guajará, Nossa Senhora do Socorro - SE",-10.8989331,-37.155646,manual,coordenada_bairro_verificar
Muciano Guajara,"Av. Principal, 355 - Guajará, Nossa Sra. do Socorro - SE, 49160-000",https://maps.app.goo.gl/skDfKoLb2iqzoAuMA,32,"Rua 13 de Fevereiro, Guajará, Nossa Senhora do Socorro - SE",-10.8916973,-37.1551488,google_api,encontrado_GEOMETRIC_CENTER
Muciano Guajara,"Av. Principal, 355 - Guajará, Nossa Sra. do Socorro - SE, 49160-000",https://maps.app.goo.gl/skDfKoLb2iqzoAuMA,32,"Rua 10 de Fevereiro, Guajará, Nossa Senhora do Socorro - SE",-10.8889933,-37.1574216,google_api,encontrado_GEOMETRIC_CENTER
Muciano Guajara,"Av. Principal, 355 - Guajará, Nossa Sra. do Socorro - SE, 49160-000",https://maps.app.goo.gl/skDfKoLb2iqzoAuMA,32,"Travessa Quissamã, Guajará, Nossa Senhora do Socorro - SE",-10.8894428,-37.1782132,google_api,encontrado_GEOMETRIC_CENTER
Muciano Guajara,"Av. Principal, 355 - Guajará, Nossa Sra. do Socorro - SE, 49160-000",https://maps.app.goo.gl/skDfKoLb2iqzoAuMA,32,"Rua Nossa Senhora de Fátima, Guajará, Nossa Senhora do Socorro - SE",-10.8947878,-37.1572447,google_api,encontrado_GEOMETRIC_CENTER
Muciano Guajara,"Av. Principal, 355 - Guajará, Nossa Sra. do Socorro - SE, 49160-000",https://maps.app.goo.gl/skDfKoLb2iqzoAuMA,32,"Rua 1 de Fevereiro, Guajará, Nossa Senhora do Socorro - SE",-10.8949473,-37.1609309,google_api,encontrado_GEOMETRIC_CENTER
Muciano Guajara,"Av. Principal, 355 - Guajará, Nossa Sra. do Socorro - SE, 49160-000",https://maps.app.goo.gl/skDfKoLb2iqzoAuMA,32,"Rua das Orquídeas, Guajará, Nossa Senhora do Socorro - SE",-10.8929146,-37.1529254,google_api,encontrado_GEOMETRIC_CENTER
Muciano Guajara,"Av. Principal, 355 - Guajará, Nossa Sra. do Socorro - SE, 49160-000",https://maps.app.goo.gl/skDfKoLb2iqzoAuMA,32,"Avenida Chesf 01, Guajará, Nossa Senhora do Socorro - SE",-10.897612,-37.153327,google_api,encontrado_ROOFTOP
Muciano Guajara,"Av. Principal, 355 - Guajará, Nossa Sra. do Socorro - SE, 49160-000",https://maps.app.goo.gl/skDfKoLb2iqzoAuMA,32,"Rua A1, Guajará, Nossa Senhora do Socorro - SE",-10.8936226,-37.1485639,google_api,encontrado_GEOMETRIC_CENTER
Muciano Guajara,"Av. Principal, 355 - Guajará, Nossa Sra. do Socorro - SE, 49160-000",https://maps.app.goo.gl/skDfKoLb2iqzoAuMA,32,"Rua BC, Guajará, Nossa Senhora do Socorro - SE",-10.8989307,-37.1556814,manual,coordenada_bairro_verificar
Muciano Guajara,"Av. Principal, 355 - Guajará, Nossa Sra. do Socorro - SE, 49160-000",https://maps.app.goo.gl/skDfKoLb2iqzoAuMA,32,"Rua D, Guajará, Nossa Senhora do Socorro - SE",-10.8901066,-37.1601854,google_api,encontrado_GEOMETRIC_CENTER
Muciano Guajara,"Av. Principal, 355 - Guajará, Nossa Sra. do Socorro - SE, 49160-000",https://maps.app.goo.gl/skDfKoLb2iqzoAuMA,32,"Rua E, Guajará, Nossa Senhora do Socorro - SE",-10.8993287,-37.1586914,google_api,encontrado_GEOMETRIC_CENTER
Muciano Guajara,"Av. Principal, 355 - Guajará, Nossa Sra. do Socorro - SE, 49160-000",https://maps.app.goo.gl/skDfKoLb2iqzoAuMA,32,"Rua M, Guajará, Nossa Senhora do Socorro - SE",-10.8894722,-37.1426167,google_api,encontrado_GEOMETRIC_CENTER
Muciano Guajara,"Av. Principal, 355 - Guajará, Nossa Sra. do Socorro - SE, 49160-000",https://maps.app.goo.gl/skDfKoLb2iqzoAuMA,32,"Rua P, Guajará, Nossa Senhora do Socorro - SE",-10.8939327,-37.1460139,google_api,encontrado_GEOMETRIC_CENTER
Muciano Guajara,"Av. Principal, 355 - Guajará, Nossa Sra. do Socorro - SE, 49160-000",https://maps.app.goo.gl/skDfKoLb2iqzoAuMA,32,"Vila Ney, Guajará, Nossa Senhora do Socorro - SE",-10.886304,-37.1557627,google_api,encontrado_ROOFTOP
Muciano Guajara,"Av. Principal, 355 - Guajará, Nossa Sra. do Socorro - SE, 49160-000",https://maps.app.goo.gl/skDfKoLb2iqzoAuMA,32,"Avenida Quissamã, Guajará, Nossa Senhora do Socorro - SE",-10.8894428,-37.1782132,google_api,encontrado_GEOMETRIC_CENTER
Muciano Guajara,"Av. Principal, 355 - Guajará, Nossa Sra. do Socorro - SE, 49160-000",https://maps.app.goo.gl/skDfKoLb2iqzoAuMA,32,"Avenida Perimetral, Guajará, Nossa Senhora do Socorro - SE",-10.8958051,-37.1592751,google_api,encontrado_GEOMETRIC_CENTER
Muciano Guajara,"Av. Principal, 355 - Guajará, Nossa Sra. do Socorro - SE, 49160-000",https://maps.app.goo.gl/skDfKoLb2iqzoAuMA,32,"Avenida Chesf, Guajará, Nossa Senhora do Socorro - SE",-10.8969198,-37.1579595,manual,coordenada_bairro_verificar
Muciano Guajara,"Av. Principal, 355 - Guajará, Nossa Sra. do Socorro - SE, 49160-000",https://maps.app.goo.gl/skDfKoLb2iqzoAuMA,32,"Rua do Tanque, Guajará, Nossa Senhora do Socorro - SE",-10.8989307,-37.1556814,manual,coordenada_bairro_verificar
Muciano Guajara,"Av. Principal, 355 - Guajará, Nossa Sra. do Socorro - SE, 49160-000",https://maps.app.goo.gl/skDfKoLb2iqzoAuMA,32,"Rua da Fazenda, Guajará, Nossa Senhora do Socorro - SE",-10.8989307,-37.1556814,manual,coordenada_bairro_verificar
Muciano Guajara,"Av. Principal, 355 - Guajará, Nossa Sra. do Socorro - SE, 49160-000",https://maps.app.goo.gl/skDfKoLb2iqzoAuMA,32,"Travessa C, Guajará, Nossa Senhora do Socorro - SE",-10.8931293,-37.143835,google_api,encontrado_GEOMETRIC_CENTER
Muciano Guajara,"Av. Principal, 355 - Guajará, Nossa Sra. do Socorro - SE, 49160-000",https://maps.app.goo.gl/skDfKoLb2iqzoAuMA,32,"Travessa D, Guajará, Nossa Senhora do Socorro - SE",-10.8937214,-37.1442941,google_api,encontrado_GEOMETRIC_CENTER
Muciano Guajara,"Av. Principal, 355 - Guajará, Nossa Sra. do Socorro - SE, 49160-000",https://maps.app.goo.gl/skDfKoLb2iqzoAuMA,32,"Travessa E, Guajará, Nossa Senhora do Socorro - SE",-10.8970991,-37.1265527,google_api,encontrado_GEOMETRIC_CENTER
Muciano Guajara,"Av. Principal, 355 - Guajará, Nossa Sra. do Socorro - SE, 49160-000",https://maps.app.goo.gl/skDfKoLb2iqzoAuMA,32,"Rua A, Guajará, Nossa Senhora do Socorro - SE",-10.8987937,-37.1607304,google_api,encontrado_GEOMETRIC_CENTER
Muciano Guajara,"Av. Principal, 355 - Guajará, Nossa Sra. do Socorro - SE, 49160-000",https://maps.app.goo.gl/skDfKoLb2iqzoAuMA,32,"Rua B, Guajará, Nossa Senhora do Socorro - SE",-10.8999085,-37.1436603,google_api,encontrado_GEOMETRIC_CENTER
Muciano Guajara,"Av. Principal, 355 - Guajará, Nossa Sra. do Socorro - SE, 49160-000",https://maps.app.goo.gl/skDfKoLb2iqzoAuMA,32,"Rua C (São Benedito), Guajará, Nossa Senhora do Socorro - SE",-10.8876823,-37.1589899,google_api,encontrado_GEOMETRIC_CENTER
Muciano Guajara,"Av. Principal, 355 - Guajará, Nossa Sra. do Socorro - SE, 49160-000",https://maps.app.goo.gl/skDfKoLb2iqzoAuMA,32,"Rua D (São Benedito), Guajará, Nossa Senhora do Socorro - SE",-10.8901066,-37.1601854,google_api,encontrado_GEOMETRIC_CENTER
Muciano Guajara,"Av. Principal, 355 - Guajará, Nossa Sra. do Socorro - SE, 49160-000",https://maps.app.goo.gl/skDfKoLb2iqzoAuMA,32,"Rua E (São Benedito), Guajará, Nossa Senhora do Socorro - SE",-10.8993287,-37.1586914,google_api,encontrado_GEOMETRIC_CENTER
Muciano Guajara,"Av. Principal, 355 - Guajará, Nossa Sra. do Socorro - SE, 49160-000",https://maps.app.goo.gl/skDfKoLb2iqzoAuMA,32,"Avenida 2 de Maio, Guajará, Nossa Senhora do Socorro - SE",-10.8966897,-37.1546198,google_api,encontrado_GEOMETRIC_CENTER
Muciano Guajara,"Av. Principal, 355 - Guajará, Nossa Sra. do Socorro - SE, 49160-000",https://maps.app.goo.gl/skDfKoLb2iqzoAuMA,32,"Rua Dois de Maio, Guajará, Nossa Senhora do Socorro - SE",-10.8928968,-37.1612885,google_api,encontrado_GEOMETRIC_CENTER
Muciano Guajara,"Av. Principal, 355 - Guajará, Nossa Sra. do Socorro - SE, 49160-000",https://maps.app.goo.gl/skDfKoLb2iqzoAuMA,32,"Rua 4 de Janeiro, Guajará, Nossa Senhora do Socorro - SE",-10.893631,-37.1519493,google_api,encontrado_GEOMETRIC_CENTER
Muciano Guajara,"Av. Principal, 355 - Guajará, Nossa Sra. do Socorro - SE, 49160-000",https://maps.app.goo.gl/skDfKoLb2iqzoAuMA,32,"Rua 5 de Janeiro, Guajará, Nossa Senhora do Socorro - SE",-10.8937602,-37.1526614,google_api,encontrado_GEOMETRIC_CENTER
Muciano Guajara,"Av. Principal, 355 - Guajará, Nossa Sra. do Socorro - SE, 49160-000",https://maps.app.goo.gl/skDfKoLb2iqzoAuMA,32,"Rua 6 de Janeiro, Guajará, Nossa Senhora do Socorro - SE",-10.8944381,-37.1537357,google_api,encontrado_GEOMETRIC_CENTER
Muciano Guajara,"Av. Principal, 355 - Guajará, Nossa Sra. do Socorro - SE, 49160-000",https://maps.app.goo.gl/skDfKoLb2iqzoAuMA,32,"Rua 7 de Janeiro, Guajará, Nossa Senhora do Socorro - SE",-10.8946267,-37.1546283,google_api,encontrado_GEOMETRIC_CENTER
Muciano Guajara,"Av. Principal, 355 - Guajará, Nossa Sra. do Socorro - SE, 49160-000",https://maps.app.goo.gl/skDfKoLb2iqzoAuMA,32,"Rua 9 de Janeiro, Guajará, Nossa Senhora do Socorro - SE",-10.8942888,-37.1539751,google_api,encontrado_GEOMETRIC_CENTER
Muciano Guajara,"Av. Principal, 355 - Guajará, Nossa Sra. do Socorro - SE, 49160-000",https://maps.app.goo.gl/skDfKoLb2iqzoAuMA,32,"Rua 10 de Janeiro, Guajará, Nossa Senhora do Socorro - SE",-10.8955163,-37.1520439,google_api,encontrado_GEOMETRIC_CENTER
Muciano Guajara,"Av. Principal, 355 - Guajará, Nossa Sra. do Socorro - SE, 49160-000",https://maps.app.goo.gl/skDfKoLb2iqzoAuMA,32,"Rua 11 de Janeiro, Guajará, Nossa Senhora do Socorro - SE",-10.8961647,-37.1520633,google_api,encontrado_GEOMETRIC_CENTER
Muciano Guajara,"Av. Principal, 355 - Guajará, Nossa Sra. do Socorro - SE, 49160-000",https://maps.app.goo.gl/skDfKoLb2iqzoAuMA,32,"Rua 12 de Janeiro, Guajará, Nossa Senhora do Socorro - SE",-10.8465636,-37.069999,google_api,encontrado_GEOMETRIC_CENTER
Muciano Guajara,"Av. Principal, 355 - Guajará, Nossa Sra. do Socorro - SE, 49160-000",https://maps.app.goo.gl/skDfKoLb2iqzoAuMA,32,"Rua 13 de Janeiro, Guajará, Nossa Senhora do Socorro - SE",-10.9003407,-37.1570744,manual,coordenada_bairro_verificar
Muciano Guajara,"Av. Principal, 355 - Guajará, Nossa Sra. do Socorro - SE, 49160-000",https://maps.app.goo.gl/skDfKoLb2iqzoAuMA,32,"Rua 14 de Janeiro, Guajará, Nossa Senhora do Socorro - SE",-10.8450307,-37.0684573,google_api,encontrado_GEOMETRIC_CENTER
Muciano Guajara,"Av. Principal, 355 - Guajará, Nossa Sra. do Socorro - SE, 49160-000",https://maps.app.goo.gl/skDfKoLb2iqzoAuMA,32,"Praça 16 de Janeiro, Guajará, Nossa Senhora do Socorro - SE",-10.8411434,-37.0945635,google_api,encontrado_ROOFTOP
Muciano Guajara,"Av. Principal, 355 - Guajará, Nossa Sra. do Socorro - SE, 49160-000",https://maps.app.goo.gl/skDfKoLb2iqzoAuMA,32,"Avenida Rosa de Maio, Guajará, Nossa Senhora do Socorro - SE",-10.8912445,-37.1524363,google_api,encontrado_GEOMETRIC_CENTER
Muciano Guajara,"Av. Principal, 355 - Guajará, Nossa Sra. do Socorro - SE, 49160-000",https://maps.app.goo.gl/skDfKoLb2iqzoAuMA,9,"Rua 9, Guajará, Nossa Senhora do Socorro - SE",-10.901548,-37.1542648,google_api,encontrado_GEOMETRIC_CENTER
Muciano Guajara,"Av. Principal, 355 - Guajará, Nossa Sra. do Socorro - SE, 49160-000",https://maps.app.goo.gl/skDfKoLb2iqzoAuMA,9,"Rua 11, Guajará, Nossa Senhora do Socorro - SE",-10.8989331,-37.155646,manual,coordenada_bairro_verificar
Muciano Guajara,"Av. Principal, 355 - Guajará, Nossa Sra. do Socorro - SE, 49160-000",https://maps.app.goo.gl/skDfKoLb2iqzoAuMA,9,"Rua 10, Guajará, Nossa Senhora do Socorro - SE",-10.8548099,-37.079663,google_api,encontrado_GEOMETRIC_CENTER
Muciano Guajara,"Av. Principal, 355 - Guajará, Nossa Sra. do Socorro - SE, 49160-000",https://maps.app.goo.gl/skDfKoLb2iqzoAuMA,9,"Rua 8, Guajará, Nossa Senhora do Socorro - SE",-10.8998338,-37.1575922,manual,coordenada_bairro_verificar
Muciano Guajara,"Av. Principal, 355 - Guajará, Nossa Sra. do Socorro - SE, 49160-000",https://maps.app.goo.gl/skDfKoLb2iqzoAuMA,9,"Rua 4, Guajará, Nossa Senhora do Socorro - SE",-10.893061,-37.1600189,google_api,encontrado_GEOMETRIC_CENTER
Muciano Guajara,"Av. Principal, 355 - Guajará, Nossa Sra. do Socorro - SE, 49160-000",https://maps.app.goo.gl/skDfKoLb2iqzoAuMA,9,"Rua Existente, Guajará, Nossa Senhora do Socorro - SE",-10.9516479,-37.0927638,google_api,encontrado_GEOMETRIC_CENTER
Muciano Guajara,"Av. Principal, 355 - Guajará, Nossa Sra. do Socorro - SE, 49160-000",https://maps.app.goo.gl/skDfKoLb2iqzoAuMA,9,"Avenida Principal, Guajará, Nossa Senhora do Socorro - SE",-10.8987421,-37.1568506,manual,coordenada_bairro_verificar
Muciano Guajara,"Av. Principal, 355 - Guajará, Nossa Sra. do Socorro - SE, 49160-000",https://maps.app.goo.gl/skDfKoLb2iqzoAuMA,9,"Rua Padre Cícero, Guajará, Nossa Senhora do Socorro - SE",-10.898298,-37.1568661,manual,coordenada_bairro_verificar
Muciano Guajara,"Av. Principal, 355 - Guajará, Nossa Sra. do Socorro - SE, 49160-000",https://maps.app.goo.gl/skDfKoLb2iqzoAuMA,9,"Travessa Padre Cícero, Guajará, Nossa Senhora do Socorro - SE",-10.8979698,-37.156876,manual,coordenada_bairro_verificar
Muciano Guajara,"Av. Principal, 355 - Guajará, Nossa Sra. do Socorro - SE, 49160-000",https://maps.app.goo.gl/skDfKoLb2iqzoAuMA,9,"Rua São Luiz, Guajará, Nossa Senhora do Socorro - SE",-10.8983495,-37.1564517,manual,coordenada_bairro_verificar
Muciano Guajara,"Av. Principal, 355 - Guajará, Nossa Sra. do Socorro - SE, 49160-000",https://maps.app.goo.gl/skDfKoLb2iqzoAuMA,9,"Rua B, Guajará, Nossa Senhora do Socorro - SE",-10.8999085,-37.1436603,google_api,encontrado_GEOMETRIC_CENTER
Muciano Guajara,"Av. Principal, 355 - Guajará, Nossa Sra. do Socorro - SE, 49160-000",https://maps.app.goo.gl/skDfKoLb2iqzoAuMA,9,"Rua Treze, Guajará, Nossa Senhora do Socorro - SE",-10.9003407,-37.1570744,manual,coordenada_bairro_verificar
Muciano Guajara,"Av. Principal, 355 - Guajará, Nossa Sra. do Socorro - SE, 49160-000",https://maps.app.goo.gl/skDfKoLb2iqzoAuMA,9,"Rua Otto, Guajará, Nossa Senhora do Socorro - SE",-10.8989307,-37.1556814,manual,coordenada_bairro_verificar
Muciano Guajara,"Av. Principal, 355 - Guajará, Nossa Sra. do Socorro - SE, 49160-000",https://maps.app.goo.gl/skDfKoLb2iqzoAuMA,9,"Rua E, Guajará, Nossa Senhora do Socorro - SE",-10.8993287,-37.1586914,google_api,encontrado_GEOMETRIC_CENTER
Muciano Guajara,"Av. Principal, 355 - Guajará, Nossa Sra. do Socorro - SE, 49160-000",https://maps.app.goo.gl/skDfKoLb2iqzoAuMA,9,"Rua Profeta Eliseu, Guajará, Nossa Senhora do Socorro - SE",-10.9000521,-37.1594478,google_api,encontrado_GEOMETRIC_CENTER
Muciano Guajara,"Av. Principal, 355 - Guajará, Nossa Sra. do Socorro - SE, 49160-000",https://maps.app.goo.gl/skDfKoLb2iqzoAuMA,9,"Rua Jorge Amado, Guajará, Nossa Senhora do Socorro - SE",-10.9026273,-37.1441411,google_api,encontrado_GEOMETRIC_CENTER
Muciano Guajara,"Av. Principal, 355 - Guajará, Nossa Sra. do Socorro - SE, 49160-000",https://maps.app.goo.gl/skDfKoLb2iqzoAuMA,9,"Rua J. Emílio de Carvalho, Guajará, Nossa Senhora do Socorro - SE",-10.8995163,-37.1546577,manual,coordenada_bairro_verificar
Muciano Guajara,"Av. Principal, 355 - Guajará, Nossa Sra. do Socorro - SE, 49160-000",https://maps.app.goo.gl/skDfKoLb2iqzoAuMA,9,"Rua Joze Aloisio da Silva, Guajará, Nossa Senhora do Socorro - SE",-10.8989307,-37.1556814,manual,coordenada_bairro_verificar
Muciano Guajara,"Av. Principal, 355 - Guajará, Nossa Sra. do Socorro - SE, 49160-000",https://maps.app.goo.gl/skDfKoLb2iqzoAuMA,9,"Rua Elias Almeida, Guajará, Nossa Senhora do Socorro - SE",-10.9044721,-37.1503541,google_api,encontrado_GEOMETRIC_CENTER
Muciano Guajara,"Av. Principal, 355 - Guajará, Nossa Sra. do Socorro - SE, 49160-000",https://maps.app.goo.gl/skDfKoLb2iqzoAuMA,9,"Rua Antonio Torres, Guajará, Nossa Senhora do Socorro - SE",-10.9186794,-37.0669665,google_api,encontrado_GEOMETRIC_CENTER
Muciano Guajara,"Av. Principal, 355 - Guajará, Nossa Sra. do Socorro - SE, 49160-000",https://maps.app.goo.gl/skDfKoLb2iqzoAuMA,9,"Travessa Jucelino Emilio, Guajará, Nossa Senhora do Socorro - SE",-10.8995163,-37.1546577,manual,coordenada_bairro_verificar
Muciano Guajara,"Av. Principal, 355 - Guajará, Nossa Sra. do Socorro - SE, 49160-000",https://maps.app.goo.gl/skDfKoLb2iqzoAuMA,9,"Rua Humberto Silva, Guajará, Nossa Senhora do Socorro - SE",-10.9021234,-37.149726,google_api,encontrado_GEOMETRIC_CENTER
Muciano Guajara,"Av. Principal, 355 - Guajará, Nossa Sra. do Socorro - SE, 49160-000",https://maps.app.goo.gl/skDfKoLb2iqzoAuMA,9,"Rua Ezequiel Cardoso, Guajará, Nossa Senhora do Socorro - SE",-10.8989307,-37.1556814,manual,coordenada_bairro_verificar
Muciano Guajara,"Av. Principal, 355 - Guajará, Nossa Sra. do Socorro - SE, 49160-000",https://maps.app.goo.gl/skDfKoLb2iqzoAuMA,9,"Rua Projetada, Guajará, Nossa Senhora do Socorro - SE",-10.8932728,-37.1425792,google_api,encontrado_GEOMETRIC_CENTER
Muciano Guajara,"Av. Principal, 355 - Guajará, Nossa Sra. do Socorro - SE, 49160-000",https://maps.app.goo.gl/skDfKoLb2iqzoAuMA,9,"Travessa Agepino, Guajará, Nossa Senhora do Socorro - SE",-10.9042093,-37.1502458,google_api,encontrado_GEOMETRIC_CENTER
Muciano Guajara,"Av. Principal, 355 - Guajará, Nossa Sra. do Socorro - SE, 49160-000",https://maps.app.goo.gl/skDfKoLb2iqzoAuMA,9,"Rua Almeida Fraga, Guajará, Nossa Senhora do Socorro - SE",-10.9044721,-37.1503541,google_api,encontrado_GEOMETRIC_CENTER
Muciano Guajara,"Av. Principal, 355 - Guajará, Nossa Sra. do Socorro - SE, 49160-000",https://maps.app.goo.gl/skDfKoLb2iqzoAuMA,9,"Rua F, Guajará, Nossa Senhora do Socorro - SE",-10.8868821,-37.1605749,google_api,encontrado_GEOMETRIC_CENTER
Muciano Guajara,"Av. Principal, 355 - Guajará, Nossa Sra. do Socorro - SE, 49160-000",https://maps.app.goo.gl/skDfKoLb2iqzoAuMA,9,"Rua H, Guajará, Nossa Senhora do Socorro - SE",-10.901548,-37.1542648,google_api,encontrado_GEOMETRIC_CENTER
Muciano Guajara,"Av. Principal, 355 - Guajará, Nossa Sra. do Socorro - SE, 49160-000",https://maps.app.goo.gl/skDfKoLb2iqzoAuMA,9,"Rua G, Guajará, Nossa Senhora do Socorro - SE",-10.8970742,-37.1608445,google_api,encontrado_GEOMETRIC_CENTER
Muciano Guajara,"Av. Principal, 355 - Guajará, Nossa Sra. do Socorro - SE, 49160-000",https://maps.app.goo.gl/skDfKoLb2iqzoAuMA,9,"Rua Santa Barbara, Guajará, Nossa Senhora do Socorro - SE",-10.898855,-37.14478,google_api,encontrado_GEOMETRIC_CENTER
Muciano Guajara,"Av. Principal, 355 - Guajará, Nossa Sra. do Socorro - SE, 49160-000",https://maps.app.goo.gl/skDfKoLb2iqzoAuMA,9,"Travessa Santa Bárbara, Guajará, Nossa Senhora do Socorro - SE",-10.898855,-37.14478,google_api,encontrado_GEOMETRIC_CENTER
Muciano Guajara,"Av. Principal, 355 - Guajará, Nossa Sra. do Socorro - SE, 49160-000",https://maps.app.goo.gl/skDfKoLb2iqzoAuMA,9,"Travessa I, Guajará, Nossa Senhora do Socorro - SE",-10.8557523,-37.0929606,google_api,encontrado_GEOMETRIC_CENTER
Muciano Guajara,"Av. Principal, 355 - Guajará, Nossa Sra. do Socorro - SE, 49160-000",https://maps.app.goo.gl/skDfKoLb2iqzoAuMA,9,"Travessa E, Guajará, Nossa Senhora do Socorro - SE",-10.8970991,-37.1265527,google_api,encontrado_GEOMETRIC_CENTER
Muciano Guajara,"Av. Principal, 355 - Guajará, Nossa Sra. do Socorro - SE, 49160-000",https://maps.app.goo.gl/skDfKoLb2iqzoAuMA,9,"Rua Colonial, Guajará, Nossa Senhora do Socorro - SE",-10.8989307,-37.1556814,manual,coordenada_bairro_verificar
Muciano Guajara,"Av. Principal, 355 - Guajará, Nossa Sra. do Socorro - SE, 49160-000",https://maps.app.goo.gl/skDfKoLb2iqzoAuMA,9,"Rua K, Guajará, Nossa Senhora do Socorro - SE",-10.8887496,-37.1583646,google_api,encontrado_GEOMETRIC_CENTER
Muciano Guajara,"Av. Principal, 355 - Guajará, Nossa Sra. do Socorro - SE, 49160-000",https://maps.app.goo.gl/skDfKoLb2iqzoAuMA,9,"Rua C, Guajará, Nossa Senhora do Socorro - SE",-10.8876823,-37.1589899,google_api,encontrado_GEOMETRIC_CENTER
Muciano Guajara,"Av. Principal, 355 - Guajará, Nossa Sra. do Socorro - SE, 49160-000",https://maps.app.goo.gl/skDfKoLb2iqzoAuMA,9,"Rua Odálio Golveia, Guajará, Nossa Senhora do Socorro - SE",-10.8984778,-37.1495361,google_api,encontrado_GEOMETRIC_CENTER
Muciano Guajara,"Av. Principal, 355 - Guajará, Nossa Sra. do Socorro - SE, 49160-000",https://maps.app.goo.gl/skDfKoLb2iqzoAuMA,9,"Rua Balbino José, Guajará, Nossa Senhora do Socorro - SE",-10.897408,-37.150596,google_api,encontrado_GEOMETRIC_CENTER
Muciano Guajara,"Av. Principal, 355 - Guajará, Nossa Sra. do Socorro - SE, 49160-000",https://maps.app.goo.gl/skDfKoLb2iqzoAuMA,9,"Rua Bela Vista, Guajará, Nossa Senhora do Socorro - SE",-10.8982054,-37.1497222,google_api,encontrado_GEOMETRIC_CENTER
Valter Rocha,"Tv. 3 A Jd Mariana, 500 - Lot. Jardim Mariana, Nossa Sra. do Socorro - SE, 49160-000",https://maps.app.goo.gl/RhAmaYNywDHYjnQU9,1,"Rua Aramuru, Sao Braz, Nossa Senhora do Socorro - SE",-10.8494447,-37.054448,google_api,encontrado_GEOMETRIC_CENTER
Valter Rocha,"Tv. 3 A Jd Mariana, 500 - Lot. Jardim Mariana, Nossa Sra. do Socorro - SE, 49160-000",https://maps.app.goo.gl/RhAmaYNywDHYjnQU9,1,"Rua Caete, Sao Braz, Nossa Senhora do Socorro - SE",-10.8494823,-37.0521895,manual,coordenada_bairro_verificar
Valter Rocha,"Tv. 3 A Jd Mariana, 500 - Lot. Jardim Mariana, Nossa Sra. do Socorro - SE, 49160-000",https://maps.app.goo.gl/RhAmaYNywDHYjnQU9,1,"Rua Caxico, Sao Braz, Nossa Senhora do Socorro - SE",-10.8485397,-37.052148,manual,coordenada_bairro_verificar
Valter Rocha,"Tv. 3 A Jd Mariana, 500 - Lot. Jardim Mariana, Nossa Sra. do Socorro - SE, 49160-000",https://maps.app.goo.gl/RhAmaYNywDHYjnQU9,1,"Rua Karapato, Sao Braz, Nossa Senhora do Socorro - SE",-10.8534024,-37.0549626,google_api,encontrado_ROOFTOP
Valter Rocha,"Tv. 3 A Jd Mariana, 500 - Lot. Jardim Mariana, Nossa Sra. do Socorro - SE, 49160-000",https://maps.app.goo.gl/RhAmaYNywDHYjnQU9,1,"Rua Pataco, Sao Braz, Nossa Senhora do Socorro - SE",-10.8534024,-37.0549626,google_api,encontrado_ROOFTOP
Valter Rocha,"Tv. 3 A Jd Mariana, 500 - Lot. Jardim Mariana, Nossa Sra. do Socorro - SE, 49160-000",https://maps.app.goo.gl/RhAmaYNywDHYjnQU9,1,"Av. Tomoio, Sao Braz, Nossa Senhora do Socorro - SE",-10.8491635,-37.0541413,google_api,encontrado_GEOMETRIC_CENTER
Valter Rocha,"Tv. 3 A Jd Mariana, 500 - Lot. Jardim Mariana, Nossa Sra. do Socorro - SE, 49160-000",https://maps.app.goo.gl/RhAmaYNywDHYjnQU9,1,"Rua Tapuia, Sao Braz, Nossa Senhora do Socorro - SE",-10.8484499,-37.0545692,google_api,encontrado_GEOMETRIC_CENTER
Valter Rocha,"Tv. 3 A Jd Mariana, 500 - Lot. Jardim Mariana, Nossa Sra. do Socorro - SE, 49160-000",https://maps.app.goo.gl/RhAmaYNywDHYjnQU9,1,"Rua Tupinamba, Sao Braz, Nossa Senhora do Socorro - SE",-10.8485445,-37.0534798,manual,coordenada_bairro_verificar
Valter Rocha,"Tv. 3 A Jd Mariana, 500 - Lot. Jardim Mariana, Nossa Sra. do Socorro - SE, 49160-000",https://maps.app.goo.gl/RhAmaYNywDHYjnQU9,1,"Rua Xoco Guara, Sao Braz, Nossa Senhora do Socorro - SE",-10.8500062,-37.0529754,manual,coordenada_bairro_verificar
Valter Rocha,"Tv. 3 A Jd Mariana, 500 - Lot. Jardim Mariana, Nossa Sra. do Socorro - SE, 49160-000",https://maps.app.goo.gl/RhAmaYNywDHYjnQU9,1,"Rua Xingú, Sao Braz, Nossa Senhora do Socorro - SE",-10.8489106,-37.0523653,manual,coordenada_bairro_verificar
Valter Rocha,"Tv. 3 A Jd Mariana, 500 - Lot. Jardim Mariana, Nossa Sra. do Socorro - SE, 49160-000",https://maps.app.goo.gl/RhAmaYNywDHYjnQU9,1,"Rua Espirito Santo, Sao Braz, Nossa Senhora do Socorro - SE",-10.850387,-37.050555,manual,coordenada_bairro_verificar
Valter Rocha,"Tv. 3 A Jd Mariana, 500 - Lot. Jardim Mariana, Nossa Sra. do Socorro - SE, 49160-000",https://maps.app.goo.gl/RhAmaYNywDHYjnQU9,1,"Av. Florionopolis, Sao Braz, Nossa Senhora do Socorro - SE",-10.8505205,-37.0513121,manual,coordenada_bairro_verificar
Valter Rocha,"Tv. 3 A Jd Mariana, 500 - Lot. Jardim Mariana, Nossa Sra. do Socorro - SE, 49160-000",https://maps.app.goo.gl/RhAmaYNywDHYjnQU9,1,"Rua Mato Grosso, Sao Braz, Nossa Senhora do Socorro - SE",-10.8502049,-37.0525979,manual,coordenada_bairro_verificar
Valter Rocha,"Tv. 3 A Jd Mariana, 500 - Lot. Jardim Mariana, Nossa Sra. do Socorro - SE, 49160-000",https://maps.app.goo.gl/RhAmaYNywDHYjnQU9,1,"Travessa Mato Grosso, Sao Braz, Nossa Senhora do Socorro - SE",-10.8504033,-37.0523887,manual,coordenada_bairro_verificar
Valter Rocha,"Tv. 3 A Jd Mariana, 500 - Lot. Jardim Mariana, Nossa Sra. do Socorro - SE, 49160-000",https://maps.app.goo.gl/RhAmaYNywDHYjnQU9,1,"Rua Santa Catarina, Sao Braz, Nossa Senhora do Socorro - SE",-10.8518979,-37.0535543,manual,coordenada_bairro_verificar
Valter Rocha,"Tv. 3 A Jd Mariana, 500 - Lot. Jardim Mariana, Nossa Sra. do Socorro - SE, 49160-000",https://maps.app.goo.gl/RhAmaYNywDHYjnQU9,1,"Av. Curitiba, Sao Braz, Nossa Senhora do Socorro - SE",-10.8502863,-37.0513742,manual,coordenada_bairro_verificar
Valter Rocha,"Tv. 3 A Jd Mariana, 500 - Lot. Jardim Mariana, Nossa Sra. do Socorro - SE, 49160-000",https://maps.app.goo.gl/RhAmaYNywDHYjnQU9,1,"Travessa Curitiba, Sao Braz, Nossa Senhora do Socorro - SE",-10.8500167,-37.0518566,manual,coordenada_bairro_verificar
Valter Rocha,"Tv. 3 A Jd Mariana, 500 - Lot. Jardim Mariana, Nossa Sra. do Socorro - SE, 49160-000",https://maps.app.goo.gl/RhAmaYNywDHYjnQU9,1,"Av. Eng. Galvão, Sao Braz, Nossa Senhora do Socorro - SE",-10.8505377,-37.0521436,manual,coordenada_bairro_verificar
Valter Rocha,"Tv. 3 A Jd Mariana, 500 - Lot. Jardim Mariana, Nossa Sra. do Socorro - SE, 49160-000",https://maps.app.goo.gl/RhAmaYNywDHYjnQU9,2,"Rua Parana, Sao Braz, Nossa Senhora do Socorro - SE",-10.8519297,-37.0514451,manual,coordenada_bairro_verificar
Valter Rocha,"Tv. 3 A Jd Mariana, 500 - Lot. Jardim Mariana, Nossa Sra. do Socorro - SE, 49160-000",https://maps.app.goo.gl/RhAmaYNywDHYjnQU9,2,"Rua Porto Alegre, Sao Braz, Nossa Senhora do Socorro - SE",-10.8524389,-37.0517073,google_api,encontrado_GEOMETRIC_CENTER
Valter Rocha,"Tv. 3 A Jd Mariana, 500 - Lot. Jardim Mariana, Nossa Sra. do Socorro - SE, 49160-000",https://maps.app.goo.gl/RhAmaYNywDHYjnQU9,2,"Rua Rio de Janeiro, Sao Braz, Nossa Senhora do Socorro - SE",-10.851544,-37.0504742,manual,coordenada_bairro_verificar
Valter Rocha,"Tv. 3 A Jd Mariana, 500 - Lot. Jardim Mariana, Nossa Sra. do Socorro - SE, 49160-000",https://maps.app.goo.gl/RhAmaYNywDHYjnQU9,2,"Rua Sao Paulo, Sao Braz, Nossa Senhora do Socorro - SE",-10.850985,-37.0503306,manual,coordenada_bairro_verificar
Valter Rocha,"Tv. 3 A Jd Mariana, 500 - Lot. Jardim Mariana, Nossa Sra. do Socorro - SE, 49160-000",https://maps.app.goo.gl/RhAmaYNywDHYjnQU9,2,"Av. Engenheiro Luciano Santana Gaalvão, Sao Braz, Nossa Senhora do Socorro - SE",-10.8505377,-37.0521436,manual,coordenada_bairro_verificar
Valter Rocha,"Tv. 3 A Jd Mariana, 500 - Lot. Jardim Mariana, Nossa Sra. do Socorro - SE, 49160-000",https://maps.app.goo.gl/RhAmaYNywDHYjnQU9,2,"Rua 05, Sao Braz, Nossa Senhora do Socorro - SE",-10.8937909,-37.122709,google_api,encontrado_ROOFTOP
Valter Rocha,"Tv. 3 A Jd Mariana, 500 - Lot. Jardim Mariana, Nossa Sra. do Socorro - SE, 49160-000",https://maps.app.goo.gl/RhAmaYNywDHYjnQU9,2,"Travessa 19, Sao Braz, Nossa Senhora do Socorro - SE",-10.855582,-37.0527967,google_api,encontrado_RANGE_INTERPOLATED
Valter Rocha,"Tv. 3 A Jd Mariana, 500 - Lot. Jardim Mariana, Nossa Sra. do Socorro - SE, 49160-000",https://maps.app.goo.gl/RhAmaYNywDHYjnQU9,2,"Travessa 17, Sao Braz, Nossa Senhora do Socorro - SE",-10.8555666,-37.0528207,google_api,encontrado_ROOFTOP
Valter Rocha,"Tv. 3 A Jd Mariana, 500 - Lot. Jardim Mariana, Nossa Sra. do Socorro - SE, 49160-000",https://maps.app.goo.gl/RhAmaYNywDHYjnQU9,2,"Rua Espirito Santo, Sao Braz, Nossa Senhora do Socorro - SE",-10.850387,-37.050555,manual,coordenada_bairro_verificar
Valter Rocha,"Tv. 3 A Jd Mariana, 500 - Lot. Jardim Mariana, Nossa Sra. do Socorro - SE, 49160-000",https://maps.app.goo.gl/RhAmaYNywDHYjnQU9,2,"Rua Goias, Sao Braz, Nossa Senhora do Socorro - SE",-10.8502756,-37.0497129,manual,coordenada_bairro_verificar
Valter Rocha,"Tv. 3 A Jd Mariana, 500 - Lot. Jardim Mariana, Nossa Sra. do Socorro - SE, 49160-000",https://maps.app.goo.gl/RhAmaYNywDHYjnQU9,2,"Rua Mato Grosso, Sao Braz, Nossa Senhora do Socorro - SE",-10.8502049,-37.0525979,manual,coordenada_bairro_verificar
Valter Rocha,"Tv. 3 A Jd Mariana, 500 - Lot. Jardim Mariana, Nossa Sra. do Socorro - SE, 49160-000",https://maps.app.goo.gl/RhAmaYNywDHYjnQU9,2,"Travessa 16, Sao Braz, Nossa Senhora do Socorro - SE",-10.8553764,-37.0528848,google_api,encontrado_ROOFTOP
Valter Rocha,"Tv. 3 A Jd Mariana, 500 - Lot. Jardim Mariana, Nossa Sra. do Socorro - SE, 49160-000",https://maps.app.goo.gl/RhAmaYNywDHYjnQU9,2,"Travessa Maria Freire, Sao Braz, Nossa Senhora do Socorro - SE",-10.8307986,-37.0706023,google_api,encontrado_GEOMETRIC_CENTER
Valter Rocha,"Tv. 3 A Jd Mariana, 500 - Lot. Jardim Mariana, Nossa Sra. do Socorro - SE, 49160-000",https://maps.app.goo.gl/RhAmaYNywDHYjnQU9,2,"Travessa 20, Sao Braz, Nossa Senhora do Socorro - SE",-10.85536,-37.0529094,google_api,encontrado_RANGE_INTERPOLATED
Valter Rocha,"Tv. 3 A Jd Mariana, 500 - Lot. Jardim Mariana, Nossa Sra. do Socorro - SE, 49160-000",https://maps.app.goo.gl/RhAmaYNywDHYjnQU9,2,"Rua A (Jardim Esperança), Sao Braz, Nossa Senhora do Socorro - SE",-10.844759,-37.0516787,google_api,encontrado_GEOMETRIC_CENTER
Valter Rocha,"Tv. 3 A Jd Mariana, 500 - Lot. Jardim Mariana, Nossa Sra. do Socorro - SE, 49160-000",https://maps.app.goo.gl/RhAmaYNywDHYjnQU9,2,"Rua B (Jardim Esperança), Sao Braz, Nossa Senhora do Socorro - SE",-10.8447381,-37.0512203,google_api,encontrado_GEOMETRIC_CENTER
Valter Rocha,"Tv. 3 A Jd Mariana, 500 - Lot. Jardim Mariana, Nossa Sra. do Socorro - SE, 49160-000",https://maps.app.goo.gl/RhAmaYNywDHYjnQU9,3,"Rua 09, Sao Braz, Nossa Senhora do Socorro - SE",-10.8494823,-37.0521895,manual,coordenada_bairro_verificar
Valter Rocha,"Tv. 3 A Jd Mariana, 500 - Lot. Jardim Mariana, Nossa Sra. do Socorro - SE, 49160-000",https://maps.app.goo.gl/RhAmaYNywDHYjnQU9,3,"Rua 03, Sao Braz, Nossa Senhora do Socorro - SE",-10.8534024,-37.0549626,google_api,encontrado_ROOFTOP
Valter Rocha,"Tv. 3 A Jd Mariana, 500 - Lot. Jardim Mariana, Nossa Sra. do Socorro - SE, 49160-000",https://maps.app.goo.gl/RhAmaYNywDHYjnQU9,3,"Rua 02, Sao Braz, Nossa Senhora do Socorro - SE",-10.9004124,-37.1001707,google_api,encontrado_GEOMETRIC_CENTER
Valter Rocha,"Tv. 3 A Jd Mariana, 500 - Lot. Jardim Mariana, Nossa Sra. do Socorro - SE, 49160-000",https://maps.app.goo.gl/RhAmaYNywDHYjnQU9,3,"Rua 01, Sao Braz, Nossa Senhora do Socorro - SE",-10.8532956,-37.0750005,google_api,encontrado_GEOMETRIC_CENTER
Valter Rocha,"Tv. 3 A Jd Mariana, 500 - Lot. Jardim Mariana, Nossa Sra. do Socorro - SE, 49160-000",https://maps.app.goo.gl/RhAmaYNywDHYjnQU9,3,"Rua Distrito Federal, Sao Braz, Nossa Senhora do Socorro - SE",-10.848655,-37.0504601,manual,coordenada_bairro_verificar
Valter Rocha,"Tv. 3 A Jd Mariana, 500 - Lot. Jardim Mariana, Nossa Sra. do Socorro - SE, 49160-000",https://maps.app.goo.gl/RhAmaYNywDHYjnQU9,3,"Rua Minas Gerais, Sao Braz, Nossa Senhora do Socorro - SE",-10.8499216,-37.0499503,manual,coordenada_bairro_verificar
Valter Rocha,"Tv. 3 A Jd Mariana, 500 - Lot. Jardim Mariana, Nossa Sra. do Socorro - SE, 49160-000",https://maps.app.goo.gl/RhAmaYNywDHYjnQU9,3,"Rua Goias, Sao Braz, Nossa Senhora do Socorro - SE",-10.8502756,-37.0497129,manual,coordenada_bairro_verificar
Valter Rocha,"Tv. 3 A Jd Mariana, 500 - Lot. Jardim Mariana, Nossa Sra. do Socorro - SE, 49160-000",https://maps.app.goo.gl/RhAmaYNywDHYjnQU9,3,"Av. Curitiba, Sao Braz, Nossa Senhora do Socorro - SE",-10.8502863,-37.0513742,manual,coordenada_bairro_verificar
Valter Rocha,"Tv. 3 A Jd Mariana, 500 - Lot. Jardim Mariana, Nossa Sra. do Socorro - SE, 49160-000",https://maps.app.goo.gl/RhAmaYNywDHYjnQU9,3,"Av. Florionopolis, Sao Braz, Nossa Senhora do Socorro - SE",-10.8505205,-37.0513121,manual,coordenada_bairro_verificar
Valter Rocha,"Tv. 3 A Jd Mariana, 500 - Lot. Jardim Mariana, Nossa Sra. do Socorro - SE, 49160-000",https://maps.app.goo.gl/RhAmaYNywDHYjnQU9,3,"Rua Mato Grosso, Sao Braz, Nossa Senhora do Socorro - SE",-10.8502049,-37.0525979,manual,coordenada_bairro_verificar
Valter Rocha,"Tv. 3 A Jd Mariana, 500 - Lot. Jardim Mariana, Nossa Sra. do Socorro - SE, 49160-000",https://maps.app.goo.gl/RhAmaYNywDHYjnQU9,3,"Rua Mato Grosso do Sul, Sao Braz, Nossa Senhora do Socorro - SE",-10.8505602,-37.0506611,manual,coordenada_bairro_verificar
Valter Rocha,"Tv. 3 A Jd Mariana, 500 - Lot. Jardim Mariana, Nossa Sra. do Socorro - SE, 49160-000",https://maps.app.goo.gl/RhAmaYNywDHYjnQU9,4,"Rua Tapuia, Sao Braz, Nossa Senhora do Socorro - SE",-10.8484499,-37.0545692,google_api,encontrado_GEOMETRIC_CENTER
Valter Rocha,"Tv. 3 A Jd Mariana, 500 - Lot. Jardim Mariana, Nossa Sra. do Socorro - SE, 49160-000",https://maps.app.goo.gl/RhAmaYNywDHYjnQU9,4,"Rua Kariri-Xoco, Sao Braz, Nossa Senhora do Socorro - SE",-10.8503224,-37.0545204,google_api,encontrado_GEOMETRIC_CENTER
Valter Rocha,"Tv. 3 A Jd Mariana, 500 - Lot. Jardim Mariana, Nossa Sra. do Socorro - SE, 49160-000",https://maps.app.goo.gl/RhAmaYNywDHYjnQU9,4,"Rua Novo Acesso, Sao Braz, Nossa Senhora do Socorro - SE",-10.8483834,-37.0544399,google_api,encontrado_GEOMETRIC_CENTER
Valter Rocha,"Tv. 3 A Jd Mariana, 500 - Lot. Jardim Mariana, Nossa Sra. do Socorro - SE, 49160-000",https://maps.app.goo.gl/RhAmaYNywDHYjnQU9,4,"Av. Tupiniquins, Sao Braz, Nossa Senhora do Socorro - SE",-10.8503293,-37.05366,manual,coordenada_bairro_verificar
Valter Rocha,"Tv. 3 A Jd Mariana, 500 - Lot. Jardim Mariana, Nossa Sra. do Socorro - SE, 49160-000",https://maps.app.goo.gl/RhAmaYNywDHYjnQU9,4,"Av. Tamoio, Sao Braz, Nossa Senhora do Socorro - SE",-10.8491635,-37.0541413,google_api,encontrado_GEOMETRIC_CENTER
Valter Rocha,"Tv. 3 A Jd Mariana, 500 - Lot. Jardim Mariana, Nossa Sra. do Socorro - SE, 49160-000",https://maps.app.goo.gl/RhAmaYNywDHYjnQU9,4,"Rua Potiguara, Sao Braz, Nossa Senhora do Socorro - SE",-10.849552,-37.0551432,google_api,encontrado_GEOMETRIC_CENTER
Valter Rocha,"Tv. 3 A Jd Mariana, 500 - Lot. Jardim Mariana, Nossa Sra. do Socorro - SE, 49160-000",https://maps.app.goo.gl/RhAmaYNywDHYjnQU9,4,"Rua 07, Sao Braz, Nossa Senhora do Socorro - SE",-10.8586131,-37.0916369,google_api,encontrado_GEOMETRIC_CENTER
Valter Rocha,"Tv. 3 A Jd Mariana, 500 - Lot. Jardim Mariana, Nossa Sra. do Socorro - SE, 49160-000",https://maps.app.goo.gl/RhAmaYNywDHYjnQU9,4,"Rua 08, Sao Braz, Nossa Senhora do Socorro - SE",-10.8935105,-37.1278298,google_api,encontrado_RANGE_INTERPOLATED
Valter Rocha,"Tv. 3 A Jd Mariana, 500 - Lot. Jardim Mariana, Nossa Sra. do Socorro - SE, 49160-000",https://maps.app.goo.gl/RhAmaYNywDHYjnQU9,4,"Rua 09, Sao Braz, Nossa Senhora do Socorro - SE",-10.8494823,-37.0521895,manual,coordenada_bairro_verificar
Valter Rocha,"Tv. 3 A Jd Mariana, 500 - Lot. Jardim Mariana, Nossa Sra. do Socorro - SE, 49160-000",https://maps.app.goo.gl/RhAmaYNywDHYjnQU9,4,"Rua 10, Sao Braz, Nossa Senhora do Socorro - SE",-10.8496333,-37.0527733,manual,coordenada_bairro_verificar
Valter Rocha,"Tv. 3 A Jd Mariana, 500 - Lot. Jardim Mariana, Nossa Sra. do Socorro - SE, 49160-000",https://maps.app.goo.gl/RhAmaYNywDHYjnQU9,4,"Rua 11, Sao Braz, Nossa Senhora do Socorro - SE",-10.8500062,-37.0529754,manual,coordenada_bairro_verificar
Valter Rocha,"Tv. 3 A Jd Mariana, 500 - Lot. Jardim Mariana, Nossa Sra. do Socorro - SE, 49160-000",https://maps.app.goo.gl/RhAmaYNywDHYjnQU9,4,"Rua 12, Sao Braz, Nossa Senhora do Socorro - SE",-10.8465636,-37.069999,google_api,encontrado_GEOMETRIC_CENTER
Valter Rocha,"Tv. 3 A Jd Mariana, 500 - Lot. Jardim Mariana, Nossa Sra. do Socorro - SE, 49160-000",https://maps.app.goo.gl/RhAmaYNywDHYjnQU9,4,"Rua 13, Sao Braz, Nossa Senhora do Socorro - SE",-10.8457075,-37.0689949,google_api,encontrado_GEOMETRIC_CENTER
Valter Rocha,"Tv. 3 A Jd Mariana, 500 - Lot. Jardim Mariana, Nossa Sra. do Socorro - SE, 49160-000",https://maps.app.goo.gl/RhAmaYNywDHYjnQU9,4,"Rua 14, Sao Braz, Nossa Senhora do Socorro - SE",-10.8706436,-37.0769102,google_api,encontrado_GEOMETRIC_CENTER
Valter Rocha,"Tv. 3 A Jd Mariana, 500 - Lot. Jardim Mariana, Nossa Sra. do Socorro - SE, 49160-000",https://maps.app.goo.gl/RhAmaYNywDHYjnQU9,4,"Rua 15, Sao Braz, Nossa Senhora do Socorro - SE",-10.8444623,-37.0678851,google_api,encontrado_GEOMETRIC_CENTER
Valter Rocha,"Tv. 3 A Jd Mariana, 500 - Lot. Jardim Mariana, Nossa Sra. do Socorro - SE, 49160-000",https://maps.app.goo.gl/RhAmaYNywDHYjnQU9,4,"Rua Bras, Sao Braz, Nossa Senhora do Socorro - SE",-10.8534024,-37.0549626,google_api,encontrado_ROOFTOP
Valter Rocha,"Tv. 3 A Jd Mariana, 500 - Lot. Jardim Mariana, Nossa Sra. do Socorro - SE, 49160-000",https://maps.app.goo.gl/RhAmaYNywDHYjnQU9,4,"Rua Diego Emerson, Sao Braz, Nossa Senhora do Socorro - SE",-10.8455629,-37.0503647,google_api,encontrado_GEOMETRIC_CENTER
Valter Rocha,"Tv. 3 A Jd Mariana, 500 - Lot. Jardim Mariana, Nossa Sra. do Socorro - SE, 49160-000",https://maps.app.goo.gl/RhAmaYNywDHYjnQU9,4,"Av. Eng. Luciano Galvão, Sao Braz, Nossa Senhora do Socorro - SE",-10.8505377,-37.0521436,manual,coordenada_bairro_verificar
Valter Rocha,"Tv. 3 A Jd Mariana, 500 - Lot. Jardim Mariana, Nossa Sra. do Socorro - SE, 49160-000",https://maps.app.goo.gl/RhAmaYNywDHYjnQU9,4,"Rua D3, Sao Braz, Nossa Senhora do Socorro - SE",-10.8329192,-37.052885,google_api,encontrado_GEOMETRIC_CENTER
